username,emp_id,emp_name,first_name,last_name,is_match
samantha.jackson,EMP001,Samantha Jackson,Samantha,Jackson,1
samantha.jackson,EMP018,Rebecca Jackson,Rebecca,Jackson,0
samantha.jackson,EMP025,Matthew Jackson,Matthew,Jackson,0
samantha.jackson,EMP009,Laura Jackson,Laura,Jackson,0
samantha.jackson,EMP023,Michael Jackson,Michael,Jackson,0
samantha.jackson,EMP019,Elizabeth Rodriguez,Elizabeth,Rodriguez,0
david.lee,EMP002,David Lee,David,Lee,1
david.lee,EMP012,Sarah Lee,Sarah,Lee,0
david.lee,EMP005,Emily Davis,Emily,Davis,0
david.lee,EMP013,Jessica Lee,Jessica,Lee,0
david.lee,EMP009,Laura Jackson,Laura,Jackson,0
david.lee,EMP026,Nicholas Taylor,Nicholas,Taylor,0
emily.davis,EMP005,Emily Davis,Emily,Davis,1
emily.davis,EMP020,Daniel Davis,Daniel,Davis,0
emily.davis,EMP006,James Johnson,James,Johnson,0
emily.davis,EMP008,Christopher Wilson,Christopher,Wilson,0
emily.davis,EMP015,Kevin Davis,Kevin,Davis,0
emily.davis,EMP017,Maria Garcia,Maria,Garcia,0
sarah.lee,EMP012,Sarah Lee,Sarah,Lee,1
sarah.lee,EMP002,David Lee,David,Lee,0
sarah.lee,EMP013,Jessica Lee,Jessica,Lee,0
sarah.lee,EMP007,Amanda Martinez,Amanda,Martinez,0
sarah.lee,EMP009,Laura Jackson,Laura,Jackson,0
sarah.lee,EMP005,Emily Davis,Emily,Davis,0
daniel.davis,EMP020,Daniel Davis,Daniel,Davis,1
daniel.davis,EMP005,Emily Davis,Emily,Davis,0
daniel.davis,EMP015,Kevin Davis,Kevin,Davis,0
daniel.davis,EMP006,James Johnson,James,Johnson,0
daniel.davis,EMP024,Kimberly White,Kimberly,White,0
daniel.davis,EMP009,Laura Jackson,Laura,Jackson,0
elizabeth.rodriguez,EMP019,Elizabeth Rodriguez,Elizabeth,Rodriguez,1
elizabeth.rodriguez,EMP001,Samantha Jackson,Samantha,Jackson,0
elizabeth.rodriguez,EMP008,Christopher Wilson,Christopher,Wilson,0
elizabeth.rodriguez,EMP017,Maria Garcia,Maria,Garcia,0
elizabeth.rodriguez,EMP003,Christopher Brown,Christopher,Brown,0
elizabeth.rodriguez,EMP010,Ashley Thomas,Ashley,Thomas,0
michael.jackson,EMP023,Michael Jackson,Michael,Jackson,1
michael.jackson,EMP001,Samantha Jackson,Samantha,Jackson,0
michael.jackson,EMP018,Rebecca Jackson,Rebecca,Jackson,0
michael.jackson,EMP025,Matthew Jackson,Matthew,Jackson,0
michael.jackson,EMP009,Laura Jackson,Laura,Jackson,0
michael.jackson,EMP026,Nicholas Taylor,Nicholas,Taylor,0
laura.jackson,EMP009,Laura Jackson,Laura,Jackson,1
laura.jackson,EMP001,Samantha Jackson,Samantha,Jackson,0
laura.jackson,EMP018,Rebecca Jackson,Rebecca,Jackson,0
laura.jackson,EMP023,Michael Jackson,Michael,Jackson,0
laura.jackson,EMP025,Matthew Jackson,Matthew,Jackson,0
laura.jackson,EMP010,Ashley Thomas,Ashley,Thomas,0
kevin.davis,EMP015,Kevin Davis,Kevin,Davis,1
kevin.davis,EMP005,Emily Davis,Emily,Davis,0
kevin.davis,EMP020,Daniel Davis,Daniel,Davis,0
kevin.davis,EMP006,James Johnson,James,Johnson,0
kevin.davis,EMP017,Maria Garcia,Maria,Garcia,0
kevin.davis,EMP022,Anthony Moore,Anthony,Moore,0
matthew.jackson,EMP025,Matthew Jackson,Matthew,Jackson,1
matthew.jackson,EMP001,Samantha Jackson,Samantha,Jackson,0
matthew.jackson,EMP009,Laura Jackson,Laura,Jackson,0
matthew.jackson,EMP018,Rebecca Jackson,Rebecca,Jackson,0
matthew.jackson,EMP023,Michael Jackson,Michael,Jackson,0
matthew.jackson,EMP019,Elizabeth Rodriguez,Elizabeth,Rodriguez,0
jessica.lee,EMP013,Jessica Lee,Jessica,Lee,1
jessica.lee,EMP002,David Lee,David,Lee,0
jessica.lee,EMP012,Sarah Lee,Sarah,Lee,0
jessica.lee,EMP005,Emily Davis,Emily,Davis,0
jessica.lee,EMP007,Amanda Martinez,Amanda,Martinez,0
jessica.lee,EMP009,Laura Jackson,Laura,Jackson,0
james.johnson,EMP006,James Johnson,James,Johnson,1
james.johnson,EMP011,Joshua Perez,Joshua,Perez,0
james.johnson,EMP014,Linda Hernandez,Linda,Hernandez,0
james.johnson,EMP016,Charles Smith,Charles,Smith,0
james.johnson,EMP021,Joseph Miller,Joseph,Miller,0
james.johnson,EMP022,Anthony Moore,Anthony,Moore,0
christopher.brown,EMP003,Christopher Brown,Christopher,Brown,1
christopher.brown,EMP008,Christopher Wilson,Christopher,Wilson,0
christopher.brown,EMP004,Ashley Garcia,Ashley,Garcia,0
christopher.brown,EMP005,Emily Davis,Emily,Davis,0
christopher.brown,EMP006,James Johnson,James,Johnson,0
christopher.brown,EMP007,Amanda Martinez,Amanda,Martinez,0
rebecca.jackson,EMP018,Rebecca Jackson,Rebecca,Jackson,1
rebecca.jackson,EMP001,Samantha Jackson,Samantha,Jackson,0
rebecca.jackson,EMP009,Laura Jackson,Laura,Jackson,0
rebecca.jackson,EMP023,Michael Jackson,Michael,Jackson,0
rebecca.jackson,EMP025,Matthew Jackson,Matthew,Jackson,0
rebecca.jackson,EMP002,David Lee,David,Lee,0
joseph.miller,EMP021,Joseph Miller,Joseph,Miller,1
joseph.miller,EMP006,James Johnson,James,Johnson,0
joseph.miller,EMP011,Joshua Perez,Joshua,Perez,0
joseph.miller,EMP014,Linda Hernandez,Linda,Hernandez,0
joseph.miller,EMP016,Charles Smith,Charles,Smith,0
joseph.miller,EMP003,Christopher Brown,Christopher,Brown,0
charles.smith,EMP016,Charles Smith,Charles,Smith,1
charles.smith,EMP002,David Lee,David,Lee,0
charles.smith,EMP006,James Johnson,James,Johnson,0
charles.smith,EMP008,Christopher Wilson,Christopher,Wilson,0
charles.smith,EMP010,Ashley Thomas,Ashley,Thomas,0
charles.smith,EMP011,Joshua Perez,Joshua,Perez,0
linda.hernandez,EMP014,Linda Hernandez,Linda,Hernandez,1
linda.hernandez,EMP004,Ashley Garcia,Ashley,Garcia,0
linda.hernandez,EMP007,Amanda Martinez,Amanda,Martinez,0
linda.hernandez,EMP017,Maria Garcia,Maria,Garcia,0
linda.hernandez,EMP019,Elizabeth Rodriguez,Elizabeth,Rodriguez,0
linda.hernandez,EMP001,Samantha Jackson,Samantha,Jackson,0
christopher.wilson,EMP008,Christopher Wilson,Christopher,Wilson,1
christopher.wilson,EMP003,Christopher Brown,Christopher,Brown,0
christopher.wilson,EMP006,James Johnson,James,Johnson,0
christopher.wilson,EMP010,Ashley Thomas,Ashley,Thomas,0
christopher.wilson,EMP011,Joshua Perez,Joshua,Perez,0
christopher.wilson,EMP014,Linda Hernandez,Linda,Hernandez,0
maria.garcia,EMP017,Maria Garcia,Maria,Garcia,1
maria.garcia,EMP004,Ashley Garcia,Ashley,Garcia,0
maria.garcia,EMP007,Amanda Martinez,Amanda,Martinez,0
maria.garcia,EMP014,Linda Hernandez,Linda,Hernandez,0
maria.garcia,EMP019,Elizabeth Rodriguez,Elizabeth,Rodriguez,0
maria.garcia,EMP001,Samantha Jackson,Samantha,Jackson,0
ashley.thomas,EMP010,Ashley Thomas,Ashley,Thomas,1
ashley.thomas,EMP007,Amanda Martinez,Amanda,Martinez,0
ashley.thomas,EMP008,Christopher Wilson,Christopher,Wilson,0
ashley.thomas,EMP011,Joshua Perez,Joshua,Perez,0
ashley.thomas,EMP014,Linda Hernandez,Linda,Hernandez,0
ashley.thomas,EMP001,Samantha Jackson,Samantha,Jackson,0
joshua.perez,EMP011,Joshua Perez,Joshua,Perez,1
joshua.perez,EMP006,James Johnson,James,Johnson,0
joshua.perez,EMP008,Christopher Wilson,Christopher,Wilson,0
joshua.perez,EMP010,Ashley Thomas,Ashley,Thomas,0
joshua.perez,EMP014,Linda Hernandez,Linda,Hernandez,0
joshua.perez,EMP001,Samantha Jackson,Samantha,Jackson,0
nicholas.taylor,EMP026,Nicholas Taylor,Nicholas,Taylor,1
nicholas.taylor,EMP001,Samantha Jackson,Samantha,Jackson,0
nicholas.taylor,EMP002,David Lee,David,Lee,0
nicholas.taylor,EMP003,Christopher Brown,Christopher,Brown,0
nicholas.taylor,EMP004,Ashley Garcia,Ashley,Garcia,0
nicholas.taylor,EMP005,Emily Davis,Emily,Davis,0
kimberly.white,EMP024,Kimberly White,Kimberly,White,1
kimberly.white,EMP001,Samantha Jackson,Samantha,Jackson,0
kimberly.white,EMP002,David Lee,David,Lee,0
kimberly.white,EMP003,Christopher Brown,Christopher,Brown,0
kimberly.white,EMP004,Ashley Garcia,Ashley,Garcia,0
kimberly.white,EMP005,Emily Davis,Emily,Davis,0
anthony.moore,EMP022,Anthony Moore,Anthony,Moore,1
anthony.moore,EMP001,Samantha Jackson,Samantha,Jackson,0
anthony.moore,EMP002,David Lee,David,Lee,0
anthony.moore,EMP003,Christopher Brown,Christopher,Brown,0
anthony.moore,EMP004,Ashley Garcia,Ashley,Garcia,0
anthony.moore,EMP005,Emily Davis,Emily,Davis,0
amanda.martinez,EMP007,Amanda Martinez,Amanda,Martinez,1
amanda.martinez,EMP004,Ashley Garcia,Ashley,Garcia,0
amanda.martinez,EMP008,Christopher Wilson,Christopher,Wilson,0
amanda.martinez,EMP010,Ashley Thomas,Ashley,Thomas,0
amanda.martinez,EMP014,Linda Hernandez,Linda,Hernandez,0
amanda.martinez,EMP017,Maria Garcia,Maria,Garcia,0
ashley.garcia,EMP004,Ashley Garcia,Ashley,Garcia,1
ashley.garcia,EMP007,Amanda Martinez,Amanda,Martinez,0
ashley.garcia,EMP17,Maria Garcia,Maria,Garcia,0
ashley.garcia,EMP014,Linda Hernandez,Linda,Hernandez,0
ashley.garcia,EMP017,Maria Garcia,Maria,Garcia,0
ashley.garcia,EMP019,Elizabeth Rodriguez,Elizabeth,Rodriguez,0
jackson.samantha,EMP001,Samantha Jackson,Samantha,Jackson,1
jackson.samantha,EMP018,Rebecca Jackson,Rebecca,Jackson,0
jackson.samantha,EMP025,Matthew Jackson,Matthew,Jackson,0
jackson.samantha,EMP009,Laura Jackson,Laura,Jackson,0
jackson.samantha,EMP023,Michael Jackson,Michael,Jackson,0
jackson.samantha,EMP019,Elizabeth Rodriguez,Elizabeth,Rodriguez,0
lee.david,EMP002,David Lee,David,Lee,1
lee.david,EMP012,Sarah Lee,Sarah,Lee,0
lee.david,EMP005,Emily Davis,Emily,Davis,0
lee.david,EMP013,Jessica Lee,Jessica,Lee,0
lee.david,EMP009,Laura Jackson,Laura,Jackson,0
lee.david,EMP026,Nicholas Taylor,Nicholas,Taylor,0
davis.emily,EMP005,Emily Davis,Emily,Davis,1
davis.emily,EMP020,Daniel Davis,Daniel,Davis,0
davis.emily,EMP006,James Johnson,James,Johnson,0
davis.emily,EMP008,Christopher Wilson,Christopher,Wilson,0
davis.emily,EMP015,Kevin Davis,Kevin,Davis,0
davis.emily,EMP017,Maria Garcia,Maria,Garcia,0
lee.sarah,EMP012,Sarah Lee,Sarah,Lee,1
lee.sarah,EMP002,David Lee,David,Lee,0
lee.sarah,EMP013,Jessica Lee,Jessica,Lee,0
lee.sarah,EMP007,Amanda Martinez,Amanda,Martinez,0
lee.sarah,EMP009,Laura Jackson,Laura,Jackson,0
lee.sarah,EMP005,Emily Davis,Emily,Davis,0
davis.daniel,EMP020,Daniel Davis,Daniel,Davis,1
davis.daniel,EMP005,Emily Davis,Emily,Davis,0
davis.daniel,EMP015,Kevin Davis,Kevin,Davis,0
davis.daniel,EMP006,James Johnson,James,Johnson,0
davis.daniel,EMP024,Kimberly White,Kimberly,White,0
davis.daniel,EMP009,Laura Jackson,Laura,Jackson,0
rodriguez.elizabeth,EMP019,Elizabeth Rodriguez,Elizabeth,Rodriguez,1
rodriguez.elizabeth,EMP001,Samantha Jackson,Samantha,Jackson,0
rodriguez.elizabeth,EMP008,Christopher Wilson,Christopher,Wilson,0
rodriguez.elizabeth,EMP017,Maria Garcia,Maria,Garcia,0
rodriguez.elizabeth,EMP003,Christopher Brown,Christopher,Brown,0
rodriguez.elizabeth,EMP010,Ashley Thomas,Ashley,Thomas,0
jackson.michael,EMP023,Michael Jackson,Michael,Jackson,1
jackson.michael,EMP001,Samantha Jackson,Samantha,Jackson,0
jackson.michael,EMP018,Rebecca Jackson,Rebecca,Jackson,0
jackson.michael,EMP025,Matthew Jackson,Matthew,Jackson,0
jackson.michael,EMP009,Laura Jackson,Laura,Jackson,0
jackson.michael,EMP026,Nicholas Taylor,Nicholas,Taylor,0
jackson.laura,EMP009,Laura Jackson,Laura,Jackson,1
jackson.laura,EMP001,Samantha Jackson,Samantha,Jackson,0
jackson.laura,EMP018,Rebecca Jackson,Rebecca,Jackson,0
jackson.laura,EMP023,Michael Jackson,Michael,Jackson,0
jackson.laura,EMP025,Matthew Jackson,Matthew,Jackson,0
jackson.laura,EMP010,Ashley Thomas,Ashley,Thomas,0
davis.kevin,EMP015,Kevin Davis,Kevin,Davis,1
davis.kevin,EMP005,Emily Davis,Emily,Davis,0
davis.kevin,EMP020,Daniel Davis,Daniel,Davis,0
davis.kevin,EMP006,James Johnson,James,Johnson,0
davis.kevin,EMP017,Maria Garcia,Maria,Garcia,0
davis.kevin,EMP022,Anthony Moore,Anthony,Moore,0
jackson.matthew,EMP025,Matthew Jackson,Matthew,Jackson,1
jackson.matthew,EMP001,Samantha Jackson,Samantha,Jackson,0
jackson.matthew,EMP009,Laura Jackson,Laura,Jackson,0
jackson.matthew,EMP018,Rebecca Jackson,Rebecca,Jackson,0
jackson.matthew,EMP023,Michael Jackson,Michael,Jackson,0
jackson.matthew,EMP019,Elizabeth Rodriguez,Elizabeth,Rodriguez,0
lee.jessica,EMP013,Jessica Lee,Jessica,Lee,1
lee.jessica,EMP002,David Lee,David,Lee,0
lee.jessica,EMP012,Sarah Lee,Sarah,Lee,0
lee.jessica,EMP005,Emily Davis,Emily,Davis,0
lee.jessica,EMP007,Amanda Martinez,Amanda,Martinez,0
lee.jessica,EMP009,Laura Jackson,Laura,Jackson,0
johnson.james,EMP006,James Johnson,James,Johnson,1
johnson.james,EMP011,Joshua Perez,Joshua,Perez,0
johnson.james,EMP014,Linda Hernandez,Linda,Hernandez,0
johnson.james,EMP016,Charles Smith,Charles,Smith,0
johnson.james,EMP021,Joseph Miller,Joseph,Miller,0
johnson.james,EMP022,Anthony Moore,Anthony,Moore,0
brown.christopher,EMP003,Christopher Brown,Christopher,Brown,1
brown.christopher,EMP008,Christopher Wilson,Christopher,Wilson,0
brown.christopher,EMP004,Ashley Garcia,Ashley,Garcia,0
brown.christopher,EMP005,Emily Davis,Emily,Davis,0
brown.christopher,EMP006,James Johnson,James,Johnson,0
brown.christopher,EMP007,Amanda Martinez,Amanda,Martinez,0
jackson.rebecca,EMP018,Rebecca Jackson,Rebecca,Jackson,1
jackson.rebecca,EMP001,Samantha Jackson,Samantha,Jackson,0
jackson.rebecca,EMP009,Laura Jackson,Laura,Jackson,0
jackson.rebecca,EMP023,Michael Jackson,Michael,Jackson,0
jackson.rebecca,EMP025,Matthew Jackson,Matthew,Jackson,0
jackson.rebecca,EMP002,David Lee,David,Lee,0
miller.joseph,EMP021,Joseph Miller,Joseph,Miller,1
miller.joseph,EMP006,James Johnson,James,Johnson,0
miller.joseph,EMP011,Joshua Perez,Joshua,Perez,0
miller.joseph,EMP014,Linda Hernandez,Linda,Hernandez,0
miller.joseph,EMP016,Charles Smith,Charles,Smith,0
miller.joseph,EMP003,Christopher Brown,Christopher,Brown,0
smith.charles,EMP016,Charles Smith,Charles,Smith,1
smith.charles,EMP002,David Lee,David,Lee,0
smith.charles,EMP006,James Johnson,James,Johnson,0
smith.charles,EMP008,Christopher Wilson,Christopher,Wilson,0
smith.charles,EMP010,Ashley Thomas,Ashley,Thomas,0
smith.charles,EMP011,Joshua Perez,Joshua,Perez,0
hernandez.linda,EMP014,Linda Hernandez,Linda,Hernandez,1
hernandez.linda,EMP004,Ashley Garcia,Ashley,Garcia,0
hernandez.linda,EMP007,Amanda Martinez,Amanda,Martinez,0
hernandez.linda,EMP017,Maria Garcia,Maria,Garcia,0
hernandez.linda,EMP019,Elizabeth Rodriguez,Elizabeth,Rodriguez,0
hernandez.linda,EMP001,Samantha Jackson,Samantha,Jackson,0
wilson.christopher,EMP008,Christopher Wilson,Christopher,Wilson,1
wilson.christopher,EMP003,Christopher Brown,Christopher,Brown,0
wilson.christopher,EMP006,James Johnson,James,Johnson,0
wilson.christopher,EMP010,Ashley Thomas,Ashley,Thomas,0
wilson.christopher,EMP011,Joshua Perez,Joshua,Perez,0
wilson.christopher,EMP014,Linda Hernandez,Linda,Hernandez,0
garcia.maria,EMP017,Maria Garcia,Maria,Garcia,1
garcia.maria,EMP004,Ashley Garcia,Ashley,Garcia,0
garcia.maria,EMP007,Amanda Martinez,Amanda,Martinez,0
garcia.maria,EMP014,Linda Hernandez,Linda,Hernandez,0
garcia.maria,EMP019,Elizabeth Rodriguez,Elizabeth,Rodriguez,0
garcia.maria,EMP001,Samantha Jackson,Samantha,Jackson,0
thomas.ashley,EMP010,Ashley Thomas,Ashley,Thomas,1
thomas.ashley,EMP007,Amanda Martinez,Amanda,Martinez,0
thomas.ashley,EMP008,Christopher Wilson,Christopher,Wilson,0
thomas.ashley,EMP011,Joshua Perez,Joshua,Perez,0
thomas.ashley,EMP014,Linda Hernandez,Linda,Hernandez,0
thomas.ashley,EMP001,Samantha Jackson,Samantha,Jackson,0
perez.joshua,EMP011,Joshua Perez,Joshua,Perez,1
perez.joshua,EMP006,James Johnson,James,Johnson,0
perez.joshua,EMP008,Christopher Wilson,Christopher,Wilson,0
perez.joshua,EMP010,Ashley Thomas,Ashley,Thomas,0
perez.joshua,EMP014,Linda Hernandez,Linda,Hernandez,0
perez.joshua,EMP001,Samantha Jackson,Samantha,Jackson,0
taylor.nicholas,EMP026,Nicholas Taylor,Nicholas,Taylor,1
taylor.nicholas,EMP001,Samantha Jackson,Samantha,Jackson,0
taylor.nicholas,EMP002,David Lee,David,Lee,0
taylor.nicholas,EMP003,Christopher Brown,Christopher,Brown,0
taylor.nicholas,EMP004,Ashley Garcia,Ashley,Garcia,0
taylor.nicholas,EMP005,Emily Davis,Emily,Davis,0
white.kimberly,EMP024,Kimberly White,Kimberly,White,1
white.kimberly,EMP001,Samantha Jackson,Samantha,Jackson,0
white.kimberly,EMP002,David Lee,David,Lee,0
white.kimberly,EMP003,Christopher Brown,Christopher,Brown,0
white.kimberly,EMP004,Ashley Garcia,Ashley,Garcia,0
white.kimberly,EMP005,Emily Davis,Emily,Davis,0
moore.anthony,EMP022,Anthony Moore,Anthony,Moore,1
moore.anthony,EMP001,Samantha Jackson,Samantha,Jackson,0
moore.anthony,EMP002,David Lee,David,Lee,0
moore.anthony,EMP003,Christopher Brown,Christopher,Brown,0
moore.anthony,EMP004,Ashley Garcia,Ashley,Garcia,0
moore.anthony,EMP005,Emily Davis,Emily,Davis,0
martinez.amanda,EMP007,Amanda Martinez,Amanda,Martinez,1
martinez.amanda,EMP004,Ashley Garcia,Ashley,Garcia,0
martinez.amanda,EMP008,Christopher Wilson,Christopher,Wilson,0
martinez.amanda,EMP010,Ashley Thomas,Ashley,Thomas,0
martinez.amanda,EMP014,Linda Hernandez,Linda,Hernandez,0
martinez.amanda,EMP017,Maria Garcia,Maria,Garcia,0
garcia.ashley,EMP004,Ashley Garcia,Ashley,Garcia,1
garcia.ashley,EMP007,Amanda Martinez,Amanda,Martinez,0
garcia.ashley,EMP17,Maria Garcia,Maria,Garcia,0
garcia.ashley,EMP014,Linda Hernandez,Linda,Hernandez,0
garcia.ashley,EMP017,Maria Garcia,Maria,Garcia,0
garcia.ashley,EMP019,Elizabeth Rodriguez,Elizabeth,Rodriguez,0
s.jackson,EMP001,Samantha Jackson,Samantha,Jackson,1
s.jackson,EMP018,Rebecca Jackson,Rebecca,Jackson,0
s.jackson,EMP025,Matthew Jackson,Matthew,Jackson,0
s.jackson,EMP009,Laura Jackson,Laura,Jackson,0
s.jackson,EMP023,Michael Jackson,Michael,Jackson,0
s.jackson,EMP019,Elizabeth Rodriguez,Elizabeth,Rodriguez,0
d.lee,EMP002,David Lee,David,Lee,1
d.lee,EMP012,Sarah Lee,Sarah,Lee,0
d.lee,EMP005,Emily Davis,Emily,Davis,0
d.lee,EMP013,Jessica Lee,Jessica,Lee,0
d.lee,EMP009,Laura Jackson,Laura,Jackson,0
d.lee,EMP26,Nicholas Taylor,Nicholas,Taylor,0
e.davis,EMP005,Emily Davis,Emily,Davis,1
e.davis,EMP020,Daniel Davis,Daniel,Davis,0
e.davis,EMP006,James Johnson,James,Johnson,0
e.davis,EMP008,Christopher Wilson,Christopher,Wilson,0
e.davis,EMP015,Kevin Davis,Kevin,Davis,0
e.davis,EMP017,Maria Garcia,Maria,Garcia,0
s.lee,EMP012,Sarah Lee,Sarah,Lee,1
s.lee,EMP002,David Lee,David,Lee,0
s.lee,EMP013,Jessica Lee,Jessica,Lee,0
s.lee,EMP007,Amanda Martinez,Amanda,Martinez,0
s.lee,EMP009,Laura Jackson,Laura,Jackson,0
s.lee,EMP005,Emily Davis,Emily,Davis,0
d.davis,EMP020,Daniel Davis,Daniel,Davis,1
d.davis,EMP005,Emily Davis,Emily,Davis,0
d.davis,EMP015,Kevin Davis,Kevin,Davis,0
d.davis,EMP006,James Johnson,James,Johnson,0
d.davis,EMP024,Kimberly White,Kimberly,White,0
d.davis,EMP009,Laura Jackson,Laura,Jackson,0
e.rodriguez,EMP019,Elizabeth Rodriguez,Elizabeth,Rodriguez,1
e.rodriguez,EMP001,Samantha Jackson,Samantha,Jackson,0
e.rodriguez,EMP008,Christopher Wilson,Christopher,Wilson,0
e.rodriguez,EMP017,Maria Garcia,Maria,Garcia,0
e.rodriguez,EMP003,Christopher Brown,Christopher,Brown,0
e.rodriguez,EMP010,Ashley Thomas,Ashley,Thomas,0
m.jackson,EMP023,Michael Jackson,Michael,Jackson,1
m.jackson,EMP001,Samantha Jackson,Samantha,Jackson,0
m.jackson,EMP018,Rebecca Jackson,Rebecca,Jackson,0
m.jackson,EMP025,Matthew Jackson,Matthew,Jackson,0
m.jackson,EMP009,Laura Jackson,Laura,Jackson,0
m.jackson,EMP026,Nicholas Taylor,Nicholas,Taylor,0
l.jackson,EMP009,Laura Jackson,Laura,Jackson,1
l.jackson,EMP001,Samantha Jackson,Samantha,Jackson,0
l.jackson,EMP018,Rebecca Jackson,Rebecca,Jackson,0
l.jackson,EMP023,Michael Jackson,Michael,Jackson,0
l.jackson,EMP025,Matthew Jackson,Matthew,Jackson,0
l.jackson,EMP010,Ashley Thomas,Ashley,Thomas,0
k.davis,EMP015,Kevin Davis,Kevin,Davis,1
k.davis,EMP005,Emily Davis,Emily,Davis,0
k.davis,EMP020,Daniel Davis,Daniel,Davis,0
k.davis,EMP006,James Johnson,James,Johnson,0
k.davis,EMP017,Maria Garcia,Maria,Garcia,0
k.davis,EMP022,Anthony Moore,Anthony,Moore,0
m.jackson,EMP025,Matthew Jackson,Matthew,Jackson,1
m.jackson,EMP001,Samantha Jackson,Samantha,Jackson,0
m.jackson,EMP009,Laura Jackson,Laura,Jackson,0
m.jackson,EMP018,Rebecca Jackson,Rebecca,Jackson,0
m.jackson,EMP023,Michael Jackson,Michael,Jackson,0
m.jackson,EMP19,Elizabeth Rodriguez,Elizabeth,Rodriguez,0
j.lee,EMP013,Jessica Lee,Jessica,Lee,1
j.lee,EMP002,David Lee,David,Lee,0
j.lee,EMP012,Sarah Lee,Sarah,Lee,0
j.lee,EMP005,Emily Davis,Emily,Davis,0
j.lee,EMP007,Amanda Martinez,Amanda,Martinez,0
j.lee,EMP009,Laura Jackson,Laura,Jackson,0
j.johnson,EMP006,James Johnson,James,Johnson,1
j.johnson,EMP011,Joshua Perez,Joshua,Perez,0
j.johnson,EMP014,Linda Hernandez,Linda,Hernandez,0
j.johnson,EMP016,Charles Smith,Charles,Smith,0
j.johnson,EMP021,Joseph Miller,Joseph,Miller,0
j.johnson,EMP022,Anthony Moore,Anthony,Moore,0
c.brown,EMP003,Christopher Brown,Christopher,Brown,1
c.brown,EMP008,Christopher Wilson,Christopher,Wilson,0
c.brown,EMP004,Ashley Garcia,Ashley,Garcia,0
c.brown,EMP005,Emily Davis,Emily,Davis,0
c.brown,EMP006,James Johnson,James,Johnson,0
c.brown,EMP007,Amanda Martinez,Amanda,Martinez,0
r.jackson,EMP018,Rebecca Jackson,Rebecca,Jackson,1
r.jackson,EMP001,Samantha Jackson,Samantha,Jackson,0
r.jackson,EMP009,Laura Jackson,Laura,Jackson,0
r.jackson,EMP023,Michael Jackson,Michael,Jackson,0
r.jackson,EMP025,Matthew Jackson,Matthew,Jackson,0
r.jackson,EMP002,David Lee,David,Lee,0
j.miller,EMP021,Joseph Miller,Joseph,Miller,1
j.miller,EMP006,James Johnson,James,Johnson,0
j.miller,EMP011,Joshua Perez,Joshua,Perez,0
j.miller,EMP014,Linda Hernandez,Linda,Hernandez,0
j.miller,EMP016,Charles Smith,Charles,Smith,0
j.miller,EMP003,Christopher Brown,Christopher,Brown,0
c.smith,EMP016,Charles Smith,Charles,Smith,1
c.smith,EMP002,David Lee,David,Lee,0
c.smith,EMP006,James Johnson,James,Johnson,0
c.smith,EMP008,Christopher Wilson,Christopher,Wilson,0
c.smith,EMP010,Ashley Thomas,Ashley,Thomas,0
c.smith,EMP11,Joshua Perez,Joshua,Perez,0
l.hernandez,EMP014,Linda Hernandez,Linda,Hernandez,1
l.hernandez,EMP004,Ashley Garcia,Ashley,Garcia,0
l.hernandez,EMP007,Amanda Martinez,Amanda,Martinez,0
l.hernandez,EMP017,Maria Garcia,Maria,Garcia,0
l.hernandez,EMP019,Elizabeth Rodriguez,Elizabeth,Rodriguez,0
l.hernandez,EMP001,Samantha Jackson,Samantha,Jackson,0
c.wilson,EMP008,Christopher Wilson,Christopher,Wilson,1
c.wilson,EMP003,Christopher Brown,Christopher,Brown,0
c.wilson,EMP006,James Johnson,James,Johnson,0
c.wilson,EMP010,Ashley Thomas,Ashley,Thomas,0
c.wilson,EMP011,Joshua Perez,Joshua,Perez,0
c.wilson,EMP014,Linda Hernandez,Linda,Hernandez,0
m.garcia,EMP017,Maria Garcia,Maria,Garcia,1
m.garcia,EMP004,Ashley Garcia,Ashley,Garcia,0
m.garcia,EMP007,Amanda Martinez,Amanda,Martinez,0
m.garcia,EMP014,Linda Hernandez,Linda,Hernandez,0
m.garcia,EMP019,Elizabeth Rodriguez,Elizabeth,Rodriguez,0
m.garcia,EMP001,Samantha Jackson,Samantha,Jackson,0
a.thomas,EMP010,Ashley Thomas,Ashley,Thomas,1
a.thomas,EMP007,Amanda Martinez,Amanda,Martinez,0
a.thomas,EMP008,Christopher Wilson,Christopher,Wilson,0
a.thomas,EMP011,Joshua Perez,Joshua,Perez,0
a.thomas,EMP014,Linda Hernandez,Linda,Hernandez,0
a.thomas,EMP001,Samantha Jackson,Samantha,Jackson,0
j.perez,EMP011,Joshua Perez,Joshua,Perez,1
j.perez,EMP006,James Johnson,James,Johnson,0
j.perez,EMP008,Christopher Wilson,Christopher,Wilson,0
j.perez,EMP010,Ashley Thomas,Ashley,Thomas,0
j.perez,EMP014,Linda Hernandez,Linda,Hernandez,0
j.perez,EMP001,Samantha Jackson,Samantha,Jackson,0
n.taylor,EMP026,Nicholas Taylor,Nicholas,Taylor,1
n.taylor,EMP001,Samantha Jackson,Samantha,Jackson,0
n.taylor,EMP002,David Lee,David,Lee,0
n.taylor,EMP003,Christopher Brown,Christopher,Brown,0
n.taylor,EMP004,Ashley Garcia,Ashley,Garcia,0
n.taylor,EMP005,Emily Davis,Emily,Davis,0
k.white,EMP024,Kimberly White,Kimberly,White,1
k.white,EMP001,Samantha Jackson,Samantha,Jackson,0
k.white,EMP002,David Lee,David,Lee,0
k.white,EMP003,Christopher Brown,Christopher,Brown,0
k.white,EMP004,Ashley Garcia,Ashley,Garcia,0
k.white,EMP005,Emily Davis,Emily,Davis,0
a.moore,EMP022,Anthony Moore,Anthony,Moore,1
a.moore,EMP001,Samantha Jackson,Samantha,Jackson,0
a.moore,EMP002,David Lee,David,Lee,0
a.moore,EMP003,Christopher Brown,Christopher,Brown,0
a.moore,EMP004,Ashley Garcia,Ashley,Garcia,0
a.moore,EMP005,Emily Davis,Emily,Davis,0
a.martinez,EMP007,Amanda Martinez,Amanda,Martinez,1
a.martinez,EMP004,Ashley Garcia,Ashley,Garcia,0
a.martinez,EMP008,Christopher Wilson,Christopher,Wilson,0
a.martinez,EMP010,Ashley Thomas,Ashley,Thomas,0
a.martinez,EMP014,Linda Hernandez,Linda,Hernandez,0
a.martinez,EMP017,Maria Garcia,Maria,Garcia,0
a.garcia,EMP004,Ashley Garcia,Ashley,Garcia,1
a.garcia,EMP007,Amanda Martinez,Amanda,Martinez,0
a.garcia,EMP17,Maria Garcia,Maria,Garcia,0
a.garcia,EMP014,Linda Hernandez,Linda,Hernandez,0
a.garcia,EMP17,Maria Garcia,Maria,Garcia,0
a.garcia,EMP19,Elizabeth Rodriguez,Elizabeth,Rodriguez,0
samanthajackson,EMP001,Samantha Jackson,Samantha,Jackson,1
samanthajackson,EMP018,Rebecca Jackson,Rebecca,Jackson,0
samanthajackson,EMP025,Matthew Jackson,Matthew,Jackson,0
samanthajackson,EMP009,Laura Jackson,Laura,Jackson,0
samanthajackson,EMP023,Michael Jackson,Michael,Jackson,0
samanthajackson,EMP019,Elizabeth Rodriguez,Elizabeth,Rodriguez,0
davidlee,EMP002,David Lee,David,Lee,1
davidlee,EMP012,Sarah Lee,Sarah,Lee,0
davidlee,EMP005,Emily Davis,Emily,Davis,0
davidlee,EMP013,Jessica Lee,Jessica,Lee,0
davidlee,EMP009,Laura Jackson,Laura,Jackson,0
davidlee,EMP026,Nicholas Taylor,Nicholas,Taylor,0
emilydavis,EMP005,Emily Davis,Emily,Davis,1
emilydavis,EMP020,Daniel Davis,Daniel,Davis,0
emilydavis,EMP006,James Johnson,James,Johnson,0
emilydavis,EMP008,Christopher Wilson,Christopher,Wilson,0
emilydavis,EMP015,Kevin Davis,Kevin,Davis,0
emilydavis,EMP017,Maria Garcia,Maria,Garcia,0
sarahlee,EMP012,Sarah Lee,Sarah,Lee,1
sarahlee,EMP002,David Lee,David,Lee,0
sarahlee,EMP013,Jessica Lee,Jessica,Lee,0
sarahlee,EMP007,Amanda Martinez,Amanda,Martinez,0
sarahlee,EMP009,Laura Jackson,Laura,Jackson,0
sarahlee,EMP005,Emily Davis,Emily,Davis,0
danieldavis,EMP020,Daniel Davis,Daniel,Davis,1
danieldavis,EMP005,Emily Davis,Emily,Davis,0
danieldavis,EMP015,Kevin Davis,Kevin,Davis,0
danieldavis,EMP006,James Johnson,James,Johnson,0
danieldavis,EMP024,Kimberly White,Kimberly,White,0
danieldavis,EMP009,Laura Jackson,Laura,Jackson,0
elizabethrodriguez,EMP019,Elizabeth Rodriguez,Elizabeth,Rodriguez,1
elizabethrodriguez,EMP001,Samantha Jackson,Samantha,Jackson,0
elizabethrodriguez,EMP008,Christopher Wilson,Christopher,Wilson,0
elizabethrodriguez,EMP017,Maria Garcia,Maria,Garcia,0
elizabethrodriguez,EMP003,Christopher Brown,Christopher,Brown,0
elizabethrodriguez,EMP010,Ashley Thomas,Ashley,Thomas,0
michaeljackson,EMP023,Michael Jackson,Michael,Jackson,1
michaeljackson,EMP001,Samantha Jackson,Samantha,Jackson,0
michaeljackson,EMP018,Rebecca Jackson,Rebecca,Jackson,0
michaeljackson,EMP025,Matthew Jackson,Matthew,Jackson,0
michaeljackson,EMP009,Laura Jackson,Laura,Jackson,0
michaeljackson,EMP026,Nicholas Taylor,Nicholas,Taylor,0
laurajackson,EMP009,Laura Jackson,Laura,Jackson,1
laurajackson,EMP001,Samantha Jackson,Samantha,Jackson,0
laurajackson,EMP018,Rebecca Jackson,Rebecca,Jackson,0
laurajackson,EMP023,Michael Jackson,Michael,Jackson,0
laurajackson,EMP025,Matthew Jackson,Matthew,Jackson,0
laurajackson,EMP010,Ashley Thomas,Ashley,Thomas,0
kevindavis,EMP015,Kevin Davis,Kevin,Davis,1
kevindavis,EMP005,Emily Davis,Emily,Davis,0
kevindavis,EMP020,Daniel Davis,Daniel,Davis,0
kevindavis,EMP006,James Johnson,James,Johnson,0
kevindavis,EMP017,Maria Garcia,Maria,Garcia,0
kevindavis,EMP022,Anthony Moore,Anthony,Moore,0
matthewjackson,EMP025,Matthew Jackson,Matthew,Jackson,1
matthewjackson,EMP001,Samantha Jackson,Samantha,Jackson,0
matthewjackson,EMP009,Laura Jackson,Laura,Jackson,0
matthewjackson,EMP018,Rebecca Jackson,Rebecca,Jackson,0
matthewjackson,EMP023,Michael Jackson,Michael,Jackson,0
matthewjackson,EMP019,Elizabeth Rodriguez,Elizabeth,Rodriguez,0
jessicalee,EMP013,Jessica Lee,Jessica,Lee,1
jessicalee,EMP002,David Lee,David,Lee,0
jessicalee,EMP012,Sarah Lee,Sarah,Lee,0
jessicalee,EMP005,Emily Davis,Emily,Davis,0
jessicalee,EMP007,Amanda Martinez,Amanda,Martinez,0
jessicalee,EMP009,Laura Jackson,Laura,Jackson,0
jamesjohnson,EMP006,James Johnson,James,Johnson,1
jamesjohnson,EMP011,Joshua Perez,Joshua,Perez,0
jamesjohnson,EMP014,Linda Hernandez,Linda,Hernandez,0
jamesjohnson,EMP016,Charles Smith,Charles,Smith,0
jamesjohnson,EMP021,Joseph Miller,Joseph,Miller,0
jamesjohnson,EMP022,Anthony Moore,Anthony,Moore,0
christopherbrown,EMP003,Christopher Brown,Christopher,Brown,1
christopherbrown,EMP008,Christopher Wilson,Christopher,Wilson,0
christopherbrown,EMP004,Ashley Garcia,Ashley,Garcia,0
christopherbrown,EMP005,Emily Davis,Emily,Davis,0
christopherbrown,EMP006,James Johnson,James,Johnson,0
christopherbrown,EMP007,Amanda Martinez,Amanda,Martinez,0
rebeccajackson,EMP018,Rebecca Jackson,Rebecca,Jackson,1
rebeccajackson,EMP001,Samantha Jackson,Samantha,Jackson,0
rebeccajackson,EMP009,Laura Jackson,Laura,Jackson,0
rebeccajackson,EMP023,Michael Jackson,Michael,Jackson,0
rebeccajackson,EMP025,Matthew Jackson,Matthew,Jackson,0
rebeccajackson,EMP002,David Lee,David,Lee,0
josephmiller,EMP021,Joseph Miller,Joseph,Miller,1
josephmiller,EMP006,James Johnson,James,Johnson,0
josephmiller,EMP011,Joshua Perez,Joshua,Perez,0
josephmiller,EMP014,Linda Hernandez,Linda,Hernandez,0
josephmiller,EMP016,Charles Smith,Charles,Smith,0
josephmiller,EMP003,Christopher Brown,Christopher,Brown,0
charlessmith,EMP016,Charles Smith,Charles,Smith,1
charlessmith,EMP002,David Lee,David,Lee,0
charlessmith,EMP006,James Johnson,James,Johnson,0
charlessmith,EMP008,Christopher Wilson,Christopher,Wilson,0
charlessmith,EMP010,Ashley Thomas,Ashley,Thomas,0
charlessmith,EMP011,Joshua Perez,Joshua,Perez,0
lindahernandez,EMP014,Linda Hernandez,Linda,Hernandez,1
lindahernandez,EMP004,Ashley Garcia,Ashley,Garcia,0
lindahernandez,EMP007,Amanda Martinez,Amanda,Martinez,0
lindahernandez,EMP017,Maria Garcia,Maria,Garcia,0
lindahernandez,EMP019,Elizabeth Rodriguez,Elizabeth,Rodriguez,0
lindahernandez,EMP001,Samantha Jackson,Samantha,Jackson,0
christopherwilson,EMP008,Christopher Wilson,Christopher,Wilson,1
christopherwilson,EMP003,Christopher Brown,Christopher,Brown,0
christopherwilson,EMP006,James Johnson,James,Johnson,0
christopherwilson,EMP010,Ashley Thomas,Ashley,Thomas,0
christopherwilson,EMP011,Joshua Perez,Joshua,Perez,0
christopherwilson,EMP014,Linda Hernandez,Linda,Hernandez,0
mariagarcia,EMP017,Maria Garcia,Maria,Garcia,1
mariagarcia,EMP004,Ashley Garcia,Ashley,Garcia,0
mariagarcia,EMP007,Amanda Martinez,Amanda,Martinez,0
mariagarcia,EMP014,Linda Hernandez,Linda,Hernandez,0
mariagarcia,EMP019,Elizabeth Rodriguez,Elizabeth,Rodriguez,0
mariagarcia,EMP001,Samantha Jackson,Samantha,Jackson,0
ashleythomas,EMP010,Ashley Thomas,Ashley,Thomas,1
ashleythomas,EMP007,Amanda Martinez,Amanda,Martinez,0
ashleythomas,EMP008,Christopher Wilson,Christopher,Wilson,0
ashleythomas,EMP011,Joshua Perez,Joshua,Perez,0
ashleythomas,EMP014,Linda Hernandez,Linda,Hernandez,0
ashleythomas,EMP001,Samantha Jackson,Samantha,Jackson,0
joshuaperez,EMP011,Joshua Perez,Joshua,Perez,1
joshuaperez,EMP006,James Johnson,James,Johnson,0
joshuaperez,EMP008,Christopher Wilson,Christopher,Wilson,0
joshuaperez,EMP010,Ashley Thomas,Ashley,Thomas,0
joshuaperez,EMP014,Linda Hernandez,Linda,Hernandez,0
joshuaperez,EMP001,Samantha Jackson,Samantha,Jackson,0
nicholastaylor,EMP026,Nicholas Taylor,Nicholas,Taylor,1
nicholastaylor,EMP001,Samantha Jackson,Samantha,Jackson,0
nicholastaylor,EMP002,David Lee,David,Lee,0
nicholastaylor,EMP003,Christopher Brown,Christopher,Brown,0
nicholastaylor,EMP004,Ashley Garcia,Ashley,Garcia,0
nicholastaylor,EMP005,Emily Davis,Emily,Davis,0
kimberlywhite,EMP024,Kimberly White,Kimberly,White,1
kimberlywhite,EMP001,Samantha Jackson,Samantha,Jackson,0
kimberlywhite,EMP002,David Lee,David,Lee,0
kimberlywhite,EMP003,Christopher Brown,Christopher,Brown,0
kimberlywhite,EMP004,Ashley Garcia,Ashley,Garcia,0
kimberlywhite,EMP005,Emily Davis,Emily,Davis,0
anthonymoore,EMP022,Anthony Moore,Anthony,Moore,1
anthonymoore,EMP001,Samantha Jackson,Samantha,Jackson,0
anthonymoore,EMP002,David Lee,David,Lee,0
anthonymoore,EMP003,Christopher Brown,Christopher,Brown,0
anthonymoore,EMP004,Ashley Garcia,Ashley,Garcia,0
anthonymoore,EMP005,Emily Davis,Emily,Davis,0
amandamartinez,EMP007,Amanda Martinez,Amanda,Martinez,1
amandamartinez,EMP004,Ashley Garcia,Ashley,Garcia,0
amandamartinez,EMP008,Christopher Wilson,Christopher,Wilson,0
amandamartinez,EMP010,Ashley Thomas,Ashley,Thomas,0
amandamartinez,EMP014,Linda Hernandez,Linda,Hernandez,0
amandamartinez,EMP017,Maria Garcia,Maria,Garcia,0
ashleygarcia,EMP004,Ashley Garcia,Ashley,Garcia,1
ashleygarcia,EMP007,Amanda Martinez,Amanda,Martinez,0
ashleygarcia,EMP17,Maria Garcia,Maria,Garcia,0
ashleygarcia,EMP014,Linda Hernandez,Linda,Hernandez,0
ashleygarcia,EMP17,Maria Garcia,Maria,Garcia,0
ashleygarcia,EMP19,Elizabeth Rodriguez,Elizabeth,Rodriguez,0
jackson.samanthaEMP001,EMP001,Samantha Jackson,Samantha,Jackson,1
jackson.samanthaEMP001,EMP018,Rebecca Jackson,Rebecca,Jackson,0
jackson.samanthaEMP001,EMP025,Matthew Jackson,Matthew,Jackson,0
jackson.samanthaEMP001,EMP009,Laura Jackson,Laura,Jackson,0
jackson.samanthaEMP001,EMP023,Michael Jackson,Michael,Jackson,0
jackson.samanthaEMP001,EMP019,Elizabeth Rodriguez,Elizabeth,Rodriguez,0
lee.davidEMP002,EMP002,David Lee,David,Lee,1
lee.davidEMP002,EMP012,Sarah Lee,Sarah,Lee,0
lee.davidEMP002,EMP005,Emily Davis,Emily,Davis,0
lee.davidEMP002,EMP013,Jessica Lee,Jessica,Lee,0
lee.davidEMP002,EMP009,Laura Jackson,Laura,Jackson,0
lee.davidEMP002,EMP026,Nicholas Taylor,Nicholas,Taylor,0
davis.emilyEMP005,EMP005,Emily Davis,Emily,Davis,1
davis.emilyEMP005,EMP020,Daniel Davis,Daniel,Davis,0
davis.emilyEMP005,EMP006,James Johnson,James,Johnson,0
davis.emilyEMP005,EMP008,Christopher Wilson,Christopher,Wilson,0
davis.emilyEMP005,EMP015,Kevin Davis,Kevin,Davis,0
davis.emilyEMP005,EMP017,Maria Garcia,Maria,Garcia,0
lee.sarahEMP012,EMP012,Sarah Lee,Sarah,Lee,1
lee.sarahEMP012,EMP002,David Lee,David,Lee,0
lee.sarahEMP012,EMP013,Jessica Lee,Jessica,Lee,0
lee.sarahEMP012,EMP007,Amanda Martinez,Amanda,Martinez,0
lee.sarahEMP012,EMP009,Laura Jackson,Laura,Jackson,0
lee.sarahEMP012,EMP005,Emily Davis,Emily,Davis,0
davis.danielEMP020,EMP020,Daniel Davis,Daniel,Davis,1
davis.danielEMP020,EMP005,Emily Davis,Emily,Davis,0
davis.danielEMP020,EMP015,Kevin Davis,Kevin,Davis,0
davis.danielEMP020,EMP006,James Johnson,James,Johnson,0
davis.danielEMP020,EMP024,Kimberly White,Kimberly,White,0
davis.danielEMP020,EMP009,Laura Jackson,Laura,Jackson,0
rodriguez.elizabethEMP019,EMP019,Elizabeth Rodriguez,Elizabeth,Rodriguez,1
rodriguez.elizabethEMP019,EMP001,Samantha Jackson,Samantha,Jackson,0
rodriguez.elizabethEMP019,EMP008,Christopher Wilson,Christopher,Wilson,0
rodriguez.elizabethEMP019,EMP017,Maria Garcia,Maria,Garcia,0
rodriguez.elizabethEMP019,EMP003,Christopher Brown,Christopher,Brown,0
rodriguez.elizabethEMP019,EMP010,Ashley Thomas,Ashley,Thomas,0
jackson.michaelEMP023,EMP023,Michael Jackson,Michael,Jackson,1
jackson.michaelEMP023,EMP001,Samantha Jackson,Samantha,Jackson,0
jackson.michaelEMP023,EMP018,Rebecca Jackson,Rebecca,Jackson,0
jackson.michaelEMP023,EMP025,Matthew Jackson,Matthew,Jackson,0
jackson.michaelEMP023,EMP009,Laura Jackson,Laura,Jackson,0
jackson.michaelEMP023,EMP026,Nicholas Taylor,Nicholas,Taylor,0
jackson.lauraEMP009,EMP009,Laura Jackson,Laura,Jackson,1
jackson.lauraEMP009,EMP001,Samantha Jackson,Samantha,Jackson,0
jackson.lauraEMP009,EMP018,Rebecca Jackson,Rebecca,Jackson,0
jackson.lauraEMP009,EMP023,Michael Jackson,Michael,Jackson,0
jackson.lauraEMP009,EMP025,Matthew Jackson,Matthew,Jackson,0
jackson.lauraEMP009,EMP010,Ashley Thomas,Ashley,Thomas,0
davis.kevinEMP015,EMP015,Kevin Davis,Kevin,Davis,1
davis.kevinEMP015,EMP005,Emily Davis,Emily,Davis,0
davis.kevinEMP015,EMP020,Daniel Davis,Daniel,Davis,0
davis.kevinEMP015,EMP006,James Johnson,James,Johnson,0
davis.kevinEMP015,EMP017,Maria Garcia,Maria,Garcia,0
davis.kevinEMP015,EMP022,Anthony Moore,Anthony,Moore,0
jackson.matthewEMP025,EMP025,Matthew Jackson,Matthew,Jackson,1
jackson.matthewEMP025,EMP001,Samantha Jackson,Samantha,Jackson,0
jackson.matthewEMP025,EMP009,Laura Jackson,Laura,Jackson,0
jackson.matthewEMP025,EMP018,Rebecca Jackson,Rebecca,Jackson,0
jackson.matthewEMP025,EMP023,Michael Jackson,Michael,Jackson,0
jackson.matthewEMP025,EMP019,Elizabeth Rodriguez,Elizabeth,Rodriguez,0
lee.jessicaEMP013,EMP013,Jessica Lee,Jessica,Lee,1
lee.jessicaEMP013,EMP002,David Lee,David,Lee,0
lee.jessicaEMP013,EMP012,Sarah Lee,Sarah,Lee,0
lee.jessicaEMP013,EMP005,Emily Davis,Emily,Davis,0
lee.jessicaEMP013,EMP007,Amanda Martinez,Amanda,Martinez,0
lee.jessicaEMP013,EMP009,Laura Jackson,Laura,Jackson,0
johnson.jamesEMP006,EMP006,James Johnson,James,Johnson,1
johnson.jamesEMP006,EMP011,Joshua Perez,Joshua,Perez,0
johnson.jamesEMP006,EMP014,Linda Hernandez,Linda,Hernandez,0
johnson.jamesEMP006,EMP016,Charles Smith,Charles,Smith,0
johnson.jamesEMP006,EMP021,Joseph Miller,Joseph,Miller,0
johnson.jamesEMP006,EMP022,Anthony Moore,Anthony,Moore,0
brown.christopherEMP003,EMP003,Christopher Brown,Christopher,Brown,1
brown.christopherEMP003,EMP008,Christopher Wilson,Christopher,Wilson,0
brown.christopherEMP003,EMP004,Ashley Garcia,Ashley,Garcia,0
brown.christopherEMP003,EMP005,Emily Davis,Emily,Davis,0
brown.christopherEMP003,EMP006,James Johnson,James,Johnson,0
brown.christopherEMP003,EMP007,Amanda Martinez,Amanda,Martinez,0
jackson.rebeccaEMP018,EMP018,Rebecca Jackson,Rebecca,Jackson,1
jackson.rebeccaEMP018,EMP001,Samantha Jackson,Samantha,Jackson,0
jackson.rebeccaEMP018,EMP009,Laura Jackson,Laura,Jackson,0
jackson.rebeccaEMP018,EMP023,Michael Jackson,Michael,Jackson,0
jackson.rebeccaEMP018,EMP025,Matthew Jackson,Matthew,Jackson,0
jackson.rebeccaEMP018,EMP002,David Lee,David,Lee,0
miller.josephEMP021,EMP021,Joseph Miller,Joseph,Miller,1
miller.josephEMP021,EMP006,James Johnson,James,Johnson,0
miller.josephEMP021,EMP011,Joshua Perez,Joshua,Perez,0
miller.josephEMP021,EMP014,Linda Hernandez,Linda,Hernandez,0
miller.josephEMP021,EMP016,Charles Smith,Charles,Smith,0
miller.josephEMP021,EMP003,Christopher Brown,Christopher,Brown,0
smith.charlesEMP016,EMP016,Charles Smith,Charles,Smith,1
smith.charlesEMP016,EMP002,David Lee,David,Lee,0
smith.charlesEMP016,EMP006,James Johnson,James,Johnson,0
smith.charlesEMP016,EMP008,Christopher Wilson,Christopher,Wilson,0
smith.charlesEMP016,EMP010,Ashley Thomas,Ashley,Thomas,0
smith.charlesEMP016,EMP011,Joshua Perez,Joshua,Perez,0
hernandez.lindaEMP014,EMP014,Linda Hernandez,Linda,Hernandez,1
hernandez.lindaEMP014,EMP004,Ashley Garcia,Ashley,Garcia,0
hernandez.lindaEMP014,EMP007,Amanda Martinez,Amanda,Martinez,0
hernandez.lindaEMP014,EMP017,Maria Garcia,Maria,Garcia,0
hernandez.lindaEMP014,EMP019,Elizabeth Rodriguez,Elizabeth,Rodriguez,0
hernandez.lindaEMP014,EMP001,Samantha Jackson,Samantha,Jackson,0
wilson.christopherEMP008,EMP008,Christopher Wilson,Christopher,Wilson,1
wilson.christopherEMP008,EMP003,Christopher Brown,Christopher,Brown,0
wilson.christopherEMP008,EMP006,James Johnson,James,Johnson,0
wilson.christopherEMP008,EMP010,Ashley Thomas,Ashley,Thomas,0
wilson.christopherEMP008,EMP011,Joshua Perez,Joshua,Perez,0
wilson.christopherEMP008,EMP014,Linda Hernandez,Linda,Hernandez,0
garcia.mariaEMP017,EMP017,Maria Garcia,Maria,Garcia,1
garcia.mariaEMP017,EMP004,Ashley Garcia,Ashley,Garcia,0
garcia.mariaEMP017,EMP007,Amanda Martinez,Amanda,Martinez,0
garcia.mariaEMP017,EMP014,Linda Hernandez,Linda,Hernandez,0
garcia.mariaEMP017,EMP019,Elizabeth Rodriguez,Elizabeth,Rodriguez,0
garcia.mariaEMP017,EMP001,Samantha Jackson,Samantha,Jackson,0
thomas.ashleyEMP010,EMP010,Ashley Thomas,Ashley,Thomas,1
thomas.ashleyEMP010,EMP007,Amanda Martinez,Amanda,Martinez,0
thomas.ashleyEMP010,EMP008,Christopher Wilson,Christopher,Wilson,0
thomas.ashleyEMP010,EMP011,Joshua Perez,Joshua,Perez,0
thomas.ashleyEMP010,EMP014,Linda Hernandez,Linda,Hernandez,0
thomas.ashleyEMP010,EMP001,Samantha Jackson,Samantha,Jackson,0
perez.joshuaEMP011,EMP011,Joshua Perez,Joshua,Perez,1
perez.joshuaEMP011,EMP006,James Johnson,James,Johnson,0
perez.joshuaEMP011,EMP008,Christopher Wilson,Christopher,Wilson,0
perez.joshuaEMP011,EMP010,Ashley Thomas,Ashley,Thomas,0
perez.joshuaEMP011,EMP014,Linda Hernandez,Linda,Hernandez,0
perez.joshuaEMP011,EMP001,Samantha Jackson,Samantha,Jackson,0
taylor.nicholasEMP026,EMP026,Nicholas Taylor,Nicholas,Taylor,1
taylor.nicholasEMP026,EMP001,Samantha Jackson,Samantha,Jackson,0
taylor.nicholasEMP026,EMP002,David Lee,David,Lee,0
taylor.nicholasEMP026,EMP003,Christopher Brown,Christopher,Brown,0
taylor.nicholasEMP026,EMP004,Ashley Garcia,Ashley,Garcia,0
taylor.nicholasEMP026,EMP005,Emily Davis,Emily,Davis,0
white.kimberlyEMP024,EMP024,Kimberly White,Kimberly,White,1
white.kimberlyEMP024,EMP001,Samantha Jackson,Samantha,Jackson,0
white.kimberlyEMP024,EMP002,David Lee,David,Lee,0
white.kimberlyEMP024,EMP003,Christopher Brown,Christopher,Brown,0
white.kimberlyEMP024,EMP004,Ashley Garcia,Ashley,Garcia,0
white.kimberlyEMP024,EMP005,Emily Davis,Emily,Davis,0
moore.anthonyEMP022,EMP022,Anthony Moore,Anthony,Moore,1
moore.anthonyEMP022,EMP001,Samantha Jackson,Samantha,Jackson,0
moore.anthonyEMP022,EMP002,David Lee,David,Lee,0
moore.anthonyEMP022,EMP003,Christopher Brown,Christopher,Brown,0
moore.anthonyEMP022,EMP004,Ashley Garcia,Ashley,Garcia,0
moore.anthonyEMP022,EMP005,Emily Davis,Emily,Davis,0
martinez.amandaEMP007,EMP007,Amanda Martinez,Amanda,Martinez,1
martinez.amandaEMP007,EMP004,Ashley Garcia,Ashley,Garcia,0
martinez.amandaEMP007,EMP008,Christopher Wilson,Christopher,Wilson,0
martinez.amandaEMP007,EMP010,Ashley Thomas,Ashley,Thomas,0
martinez.amandaEMP007,EMP014,Linda Hernandez,Linda,Hernandez,0
martinez.amandaEMP007,EMP017,Maria Garcia,Maria,Garcia,0
garcia.ashleyEMP004,EMP004,Ashley Garcia,Ashley,Garcia,1
garcia.ashleyEMP004,EMP007,Amanda Martinez,Amanda,Martinez,0
garcia.ashleyEMP004,EMP17,Maria Garcia,Maria,Garcia,0
garcia.ashleyEMP004,EMP014,Linda Hernandez,Linda,Hernandez,0
garcia.ashleyEMP004,EMP17,Maria Garcia,Maria,Garcia,0
garcia.ashleyEMP004,EMP019,Elizabeth Rodriguez,Elizabeth,Rodriguez,0
samanthaEMP001,EMP001,Samantha Jackson,Samantha,Jackson,1
samanthaEMP001,EMP018,Rebecca Jackson,Rebecca,Jackson,0
samanthaEMP001,EMP025,Matthew Jackson,Matthew,Jackson,0
samanthaEMP001,EMP009,Laura Jackson,Laura,Jackson,0
samanthaEMP001,EMP023,Michael Jackson,Michael,Jackson,0
samanthaEMP001,EMP019,Elizabeth Rodriguez,Elizabeth,Rodriguez,0
davidEMP002,EMP002,David Lee,David,Lee,1
davidEMP002,EMP012,Sarah Lee,Sarah,Lee,0
davidEMP002,EMP005,Emily Davis,Emily,Davis,0
davidEMP002,EMP013,Jessica Lee,Jessica,Lee,0
davidEMP002,EMP009,Laura Jackson,Laura,Jackson,0
davidEMP002,EMP026,Nicholas Taylor,Nicholas,Taylor,0
emilyEMP005,EMP005,Emily Davis,Emily,Davis,1
emilyEMP005,EMP020,Daniel Davis,Daniel,Davis,0
emilyEMP005,EMP006,James Johnson,James,Johnson,0
emilyEMP005,EMP008,Christopher Wilson,Christopher,Wilson,0
emilyEMP005,EMP015,Kevin Davis,Kevin,Davis,0
emilyEMP005,EMP017,Maria Garcia,Maria,Garcia,0
sarahEMP012,EMP012,Sarah Lee,Sarah,Lee,1
sarahEMP012,EMP002,David Lee,David,Lee,0
sarahEMP012,EMP013,Jessica Lee,Jessica,Lee,0
sarahEMP012,EMP007,Amanda Martinez,Amanda,Martinez,0
sarahEMP012,EMP009,Laura Jackson,Laura,Jackson,0
sarahEMP012,EMP005,Emily Davis,Emily,Davis,0
danielEMP020,EMP020,Daniel Davis,Daniel,Davis,1
danielEMP020,EMP005,Emily Davis,Emily,Davis,0
danielEMP020,EMP015,Kevin Davis,Kevin,Davis,0
danielEMP020,EMP006,James Johnson,James,Johnson,0
danielEMP020,EMP024,Kimberly White,Kimberly,White,0
danielEMP020,EMP009,Laura Jackson,Laura,Jackson,0
elizabethEMP019,EMP019,Elizabeth Rodriguez,Elizabeth,Rodriguez,1
elizabethEMP019,EMP001,Samantha Jackson,Samantha,Jackson,0
elizabethEMP019,EMP008,Christopher Wilson,Christopher,Wilson,0
elizabethEMP019,EMP017,Maria Garcia,Maria,Garcia,0
elizabethEMP019,EMP003,Christopher Brown,Christopher,Brown,0
elizabethEMP019,EMP010,Ashley Thomas,Ashley,Thomas,0
michaelEMP023,EMP023,Michael Jackson,Michael,Jackson,1
michaelEMP023,EMP001,Samantha Jackson,Samantha,Jackson,0
michaelEMP023,EMP018,Rebecca Jackson,Rebecca,Jackson,0
michaelEMP023,EMP025,Matthew Jackson,Matthew,Jackson,0
michaelEMP023,EMP009,Laura Jackson,Laura,Jackson,0
michaelEMP023,EMP026,Nicholas Taylor,Nicholas,Taylor,0
lauraEMP009,EMP009,Laura Jackson,Laura,Jackson,1
lauraEMP009,EMP001,Samantha Jackson,Samantha,Jackson,0
lauraEMP009,EMP018,Rebecca Jackson,Rebecca,Jackson,0
lauraEMP009,EMP023,Michael Jackson,Michael,Jackson,0
lauraEMP009,EMP025,Matthew Jackson,Matthew,Jackson,0
lauraEMP009,EMP010,Ashley Thomas,Ashley,Thomas,0
kevinEMP015,EMP015,Kevin Davis,Kevin,Davis,1
kevinEMP015,EMP005,Emily Davis,Emily,Davis,0
kevinEMP015,EMP020,Daniel Davis,Daniel,Davis,0
kevinEMP015,EMP006,James Johnson,James,Johnson,0
kevinEMP015,EMP017,Maria Garcia,Maria,Garcia,0
kevinEMP015,EMP022,Anthony Moore,Anthony,Moore,0
matthewEMP025,EMP025,Matthew Jackson,Matthew,Jackson,1
matthewEMP025,EMP001,Samantha Jackson,Samantha,Jackson,0
matthewEMP025,EMP009,Laura Jackson,Laura,Jackson,0
matthewEMP025,EMP018,Rebecca Jackson,Rebecca,Jackson,0
matthewEMP025,EMP023,Michael Jackson,Michael,Jackson,0
matthewEMP025,EMP019,Elizabeth Rodriguez,Elizabeth,Rodriguez,0
jessicaEMP013,EMP013,Jessica Lee,Jessica,Lee,1
jessicaEMP013,EMP002,David Lee,David,Lee,0
jessicaEMP013,EMP012,Sarah Lee,Sarah,Lee,0
jessicaEMP013,EMP005,Emily Davis,Emily,Davis,0
jessicaEMP013,EMP007,Amanda Martinez,Amanda,Martinez,0
jessicaEMP013,EMP009,Laura Jackson,Laura,Jackson,0
jamesEMP006,EMP006,James Johnson,James,Johnson,1
jamesEMP006,EMP011,Joshua Perez,Joshua,Perez,0
jamesEMP006,EMP014,Linda Hernandez,Linda,Hernandez,0
jamesEMP006,EMP016,Charles Smith,Charles,Smith,0
jamesEMP006,EMP021,Joseph Miller,Joseph,Miller,0
jamesEMP006,EMP022,Anthony Moore,Anthony,Moore,0
christopherEMP003,EMP003,Christopher Brown,Christopher,Brown,1
christopherEMP003,EMP008,Christopher Wilson,Christopher,Wilson,0
christopherEMP003,EMP004,Ashley Garcia,Ashley,Garcia,0
christopherEMP003,EMP005,Emily Davis,Emily,Davis,0
christopherEMP003,EMP006,James Johnson,James,Johnson,0
christopherEMP003,EMP007,Amanda Martinez,Amanda,Martinez,0
rebeccaEMP018,EMP018,Rebecca Jackson,Rebecca,Jackson,1
rebeccaEMP018,EMP001,Samantha Jackson,Samantha,Jackson,0
rebeccaEMP018,EMP009,Laura Jackson,Laura,Jackson,0
rebeccaEMP018,EMP023,Michael Jackson,Michael,Jackson,0
rebeccaEMP018,EMP025,Matthew Jackson,Matthew,Jackson,0
rebeccaEMP018,EMP002,David Lee,David,Lee,0
josephEMP021,EMP021,Joseph Miller,Joseph,Miller,1
josephEMP021,EMP006,James Johnson,James,Johnson,0
josephEMP021,EMP011,Joshua Perez,Joshua,Perez,0
josephEMP021,EMP014,Linda Hernandez,Linda,Hernandez,0
josephEMP021,EMP016,Charles Smith,Charles,Smith,0
josephEMP021,EMP003,Christopher Brown,Christopher,Brown,0
charlesEMP016,EMP016,Charles Smith,Charles,Smith,1
charlesEMP016,EMP002,David Lee,David,Lee,0
charlesEMP016,EMP006,James Johnson,James,Johnson,0
charlesEMP016,EMP008,Christopher Wilson,Christopher,Wilson,0
charlesEMP016,EMP010,Ashley Thomas,Ashley,Thomas,0
charlesEMP016,EMP011,Joshua Perez,Joshua,Perez,0
lindaEMP014,EMP014,Linda Hernandez,Linda,Hernandez,1
lindaEMP014,EMP004,Ashley Garcia,Ashley,Garcia,0
lindaEMP014,EMP007,Amanda Martinez,Amanda,Martinez,0
lindaEMP014,EMP017,Maria Garcia,Maria,Garcia,0
lindaEMP014,EMP019,Elizabeth Rodriguez,Elizabeth,Rodriguez,0
lindaEMP014,EMP001,Samantha Jackson,Samantha,Jackson,0
christopherEMP008,EMP008,Christopher Wilson,Christopher,Wilson,1
christopherEMP008,EMP003,Christopher Brown,Christopher,Brown,0
christopherEMP008,EMP006,James Johnson,James,Johnson,0
christopherEMP008,EMP010,Ashley Thomas,Ashley,Thomas,0
christopherEMP008,EMP011,Joshua Perez,Joshua,Perez,0
christopherEMP008,EMP014,Linda Hernandez,Linda,Hernandez,0
mariaEMP017,EMP017,Maria Garcia,Maria,Garcia,1
mariaEMP017,EMP004,Ashley Garcia,Ashley,Garcia,0
mariaEMP017,EMP007,Amanda Martinez,Amanda,Martinez,0
mariaEMP017,EMP014,Linda Hernandez,Linda,Hernandez,0
mariaEMP017,EMP019,Elizabeth Rodriguez,Elizabeth,Rodriguez,0
mariaEMP017,EMP001,Samantha Jackson,Samantha,Jackson,0
ashleyEMP010,EMP010,Ashley Thomas,Ashley,Thomas,1
ashleyEMP010,EMP007,Amanda Martinez,Amanda,Martinez,0
ashleyEMP010,EMP008,Christopher Wilson,Christopher,Wilson,0
ashleyEMP010,EMP011,Joshua Perez,Joshua,Perez,0
ashleyEMP010,EMP014,Linda Hernandez,Linda,Hernandez,0
ashleyEMP010,EMP001,Samantha Jackson,Samantha,Jackson,0
joshuaEMP011,EMP011,Joshua Perez,Joshua,Perez,1
joshuaEMP011,EMP006,James Johnson,James,Johnson,0
joshuaEMP011,EMP008,Christopher Wilson,Christopher,Wilson,0
joshuaEMP011,EMP010,Ashley Thomas,Ashley,Thomas,0
joshuaEMP011,EMP014,Linda Hernandez,Linda,Hernandez,0
joshuaEMP011,EMP001,Samantha Jackson,Samantha,Jackson,0
nicholasEMP026,EMP026,Nicholas Taylor,Nicholas,Taylor,1
nicholasEMP026,EMP001,Samantha Jackson,Samantha,Jackson,0
nicholasEMP026,EMP002,David Lee,David,Lee,0
nicholasEMP026,EMP003,Christopher Brown,Christopher,Brown,0
nicholasEMP026,EMP004,Ashley Garcia,Ashley,Garcia,0
nicholasEMP026,EMP005,Emily Davis,Emily,Davis,0
kimberlyEMP024,EMP024,Kimberly White,Kimberly,White,1
kimberlyEMP024,EMP001,Samantha Jackson,Samantha,Jackson,0
kimberlyEMP024,EMP002,David Lee,David,Lee,0
kimberlyEMP024,EMP003,Christopher Brown,Christopher,Brown,0
kimberlyEMP024,EMP004,Ashley Garcia,Ashley,Garcia,0
kimberlyEMP024,EMP005,Emily Davis,Emily,Davis,0
anthonyEMP022,EMP022,Anthony Moore,Anthony,Moore,1
anthonyEMP022,EMP001,Samantha Jackson,Samantha,Jackson,0
anthonyEMP022,EMP002,David Lee,David,Lee,0
anthonyEMP022,EMP003,Christopher Brown,Christopher,Brown,0
anthonyEMP022,EMP004,Ashley Garcia,Ashley,Garcia,0
anthonyEMP022,EMP005,Emily Davis,Emily,Davis,0
amandaEMP007,EMP007,Amanda Martinez,Amanda,Martinez,1
amandaEMP007,EMP004,Ashley Garcia,Ashley,Garcia,0
amandaEMP007,EMP008,Christopher Wilson,Christopher,Wilson,0
amandaEMP007,EMP010,Ashley Thomas,Ashley,Thomas,0
amandaEMP007,EMP014,Linda Hernandez,Linda,Hernandez,0
amandaEMP007,EMP017,Maria Garcia,Maria,Garcia,0
ashleyEMP004,EMP004,Ashley Garcia,Ashley,Garcia,1
ashleyEMP004,EMP007,Amanda Martinez,Amanda,Martinez,0
ashleyEMP004,EMP17,Maria Garcia,Maria,Garcia,0
ashleyEMP004,EMP014,Linda Hernandez,Linda,Hernandez,0
ashleyEMP004,EMP17,Maria Garcia,Maria,Garcia,0
ashleyEMP004,EMP019,Elizabeth Rodriguez,Elizabeth,Rodriguez,0